,Location,Year,Kilometers_Driven,Fuel_Type,Transmission,Owner_Type,Mileage,Engine,Power,Seats,Price
2,Chennai,2011,46000,Petrol,Manual,First,18.0,1199,88.7,5.0,4.5
7,Mumbai,2016,36000,Diesel,Automatic,First,11.3,2755,171.5,8.0,17.5
10,Kochi,2018,25692,Petrol,Manual,First,21.5,1462,103.25,5.0,9.95
15,Delhi,2014,110000,Diesel,Manual,First,13.0,2477,175.56,7.0,15.0
20,Kochi,2014,32982,Diesel,Automatic,First,22.6,1995,190,5.0,18.55
28,Kochi,2018,37430,Petrol,Manual,First,17.0,1199,88.7,5.0,9.9
34,Coimbatore,2014,55431,Petrol,Manual,Second,16.0,1598,103.5,5.0,6.98
36,Kochi,2018,50075,Diesel,Manual,First,24.0,1248,88.5,5.0,8.63
44,Bangalore,2014,46374,Petrol,Automatic,First,14.6,1999,149.92,5.0,8.85
47,Bangalore,2012,70704,Petrol,Manual,First,11.2,2694,163.7,7.0,10.95
60,Mumbai,2017,22000,Diesel,Manual,First,13.6,2393,147.8,8.0,16.5
67,Coimbatore,2019,15369,Diesel,Automatic,First,0.0,1950,194,5.0,35.67
69,Mumbai,2018,13000,Diesel,Manual,First,22.0,1396,88.7,5.0,10.5
73,Kochi,2015,56066,Diesel,Manual,First,19.6,1461,108.5,5.0,6.92
81,Pune,2017,70000,Petrol,Manual,First,17.5,1193,88.7,5.0,4.5
102,Pune,2017,32851,Petrol,Manual,First,19.8,1198,67,7.0,3.95
106,Ahmedabad,2014,53000,Petrol,Manual,First,17.7,1197,78.9,5.0,3.9
110,Mumbai,2017,30000,Diesel,Automatic,First,11.3,2755,171.5,7.0,19.25
111,Coimbatore,2017,38053,Petrol,Manual,First,15.0,1196,73,5.0,3.91
113,Mumbai,2015,56087,Diesel,Automatic,First,22.6,1995,190,5.0,20.75
117,Coimbatore,2016,39882,Petrol,Automatic,First,19.1,1198,75.94,5.0,6.55
119,Mumbai,2016,55000,Diesel,Manual,First,24.0,1248,88.5,5.0,7.5
122,Kolkata,2018,10250,Diesel,Manual,First,22.0,1582,126.2,5.0,10.95
133,Hyderabad,2014,88500,Petrol,Manual,First,24.0,998,67.1,5.0,2.6
134,Kolkata,2017,13372,Petrol,Automatic,First,19.0,2996,362.07,2.0,54.0
135,Kochi,2019,12645,Petrol,Automatic,First,17.0,1591,121.3,5.0,11.5
148,Mumbai,2013,23000,Petrol,Automatic,First,11.0,2894,444,4.0,37.0
149,Mumbai,2014,48000,Diesel,Automatic,First,21.7,1995,190,5.0,26.5
173,Kolkata,2019,1000,Petrol,Manual,First,18.0,1197,81.86,5.0,6.5
182,Hyderabad,2014,51000,Diesel,Automatic,First,22.4,1995,190,5.0,33.5
187,Kochi,2017,24773,Petrol,Manual,First,21.0,1197,83.1,5.0,7.5
193,Mumbai,2016,33000,Diesel,Manual,First,25.4,1248,88.50,7.0,8.5
200,Chennai,2017,29000,Diesel,Manual,Second,17.4,1493,100,7.0,6.5
201,Mumbai,2016,20000,Diesel,Manual,First,24.0,1248,88.5,5.0,9.0
210,Kolkata,2013,45000,Diesel,Manual,First,27.0,1498,98.6,5.0,3.25
219,Hyderabad,2017,26000,Petrol,Automatic,First,14.6,1798,177.46,5.0,26.0
223,Hyderabad,2013,107000,Diesel,Manual,First,21.0,1461,65,5.0,3.7
225,Kolkata,2013,32000,Petrol,Manual,First,22.0,998,67.04,5.0,2.65
228,Kochi,2017,26327,Petrol,Automatic,First,16.8,1998,189.08,4.0,35.67
235,Kochi,2019,14165,Diesel,Automatic,First,11.3,2755,171.5,7.0,19.64
237,Kolkata,2011,32572,Petrol,Manual,First,17.0,1497,117.3,5.0,3.87
256,Pune,2017,43000,Diesel,Manual,First,13.6,2393,147.8,7.0,18.65
261,Hyderabad,2008,143275,Diesel,Manual,First,22.0,1582,126.2,5.0,2.6
264,Coimbatore,2017,29819,Diesel,Automatic,First,11.5,2987,254.79,5.0,61.29
277,Pune,2017,121900,Diesel,Manual,First,22.9,1248,74,5.0,3.75
290,Pune,2018,45000,Diesel,Manual,First,22.9,1248,74,5.0,5.25
293,Delhi,2015,62178,Petrol,Manual,First,18.0,1199,88.7,5.0,4.85
298,Chennai,2016,48000,Diesel,Manual,First,13.6,2393,147.8,7.0,20.25
303,Mumbai,2017,15000,Petrol,Automatic,First,18.0,1497,117.3,5.0,12.69
310,Hyderabad,2017,29000,Diesel,Automatic,First,17.0,2143,201.15,5.0,57.0
314,Kochi,2012,91931,Petrol,Manual,First,18.0,1198,86.8,5.0,3.13
327,Coimbatore,2017,97430,Diesel,Automatic,First,14.7,2967,245,7.0,62.67
343,Chennai,2016,45000,Diesel,Manual,First,24.0,1248,88.5,5.0,7.15
348,Kochi,2015,30717,Diesel,Automatic,Second,21.7,1995,190,5.0,25.99
351,Jaipur,2005,100000,Petrol,Automatic,First,14.4,1984,227,5.0,2.05
352,Pune,2017,30000,Petrol,Manual,First,24.0,998,67.1,5.0,3.75
355,Hyderabad,2017,21000,Diesel,Automatic,First,19.3,1999,177,5.0,52.0
357,Kochi,2019,13747,Petrol,Automatic,First,14.6,1798,177.46,5.0,27.3
365,Pune,2017,8350,Petrol,Manual,First,13.0,1998,192,5.0,35.0
372,Hyderabad,2017,39000,Diesel,Manual,First,24.0,1248,88.5,5.0,9.49
380,Kochi,2017,35676,Petrol,Automatic,First,16.0,1497,117.3,7.0,9.48
389,Mumbai,2017,9000,Petrol,Automatic,First,13.0,1999,246.74,5.0,34.5
401,Hyderabad,2018,12000,Diesel,Automatic,First,13.0,2477,175.56,7.0,28.0
413,Mumbai,2015,41000,Diesel,Automatic,First,21.7,1995,190,5.0,25.5
414,Pune,2017,9000,Petrol,Manual,First,15.0,1497,117.3,7.0,8.5
417,Jaipur,2017,40250,Petrol,Manual,First,17.1,1197,81.86,5.0,6.9
418,Coimbatore,2018,22397,Petrol,Automatic,First,11.0,2996,367,5.0,70.99
423,Mumbai,2016,47000,Petrol,Automatic,First,15.2,1798,187.74,5.0,24.5
427,Mumbai,2014,11900,Petrol,Automatic,First,16.8,1998,189.08,4.0,28.5
442,Coimbatore,2016,82756,Diesel,Manual,First,15.9,2523,62.1,7.0,7.7
446,Mumbai,2017,15000,Petrol,Manual,Second,16.0,1598,103.5,5.0,7.1
456,Delhi,2018,12923,Diesel,Manual,First,25.0,1248,88.5,5.0,8.92
457,Coimbatore,2016,86642,Diesel,Automatic,First,15.1,1968,181,5.0,20.37
458,Bangalore,2016,19235,Diesel,Automatic,First,21.7,1995,190,5.0,36.5
473,Kochi,2018,26405,Petrol,Automatic,First,12.0,1950,191.34,5.0,51.43
489,Pune,2017,129000,Diesel,Automatic,First,11.0,2987,258,7.0,56.0
518,Ahmedabad,2012,30000,Petrol,Manual,First,22.0,998,67.04,5.0,3.3
519,Chennai,2016,69434,Petrol,Manual,First,15.0,1591,121.3,5.0,8.0
544,Kochi,2019,13190,Petrol,Automatic,First,0.0,1950,181.43,5.0,38.99
549,Coimbatore,2017,31645,Diesel,Automatic,First,20.6,1995,190,5.0,29.4
555,Pune,2013,105000,Diesel,Manual,Second,25.4,1248,88.50,7.0,6.75
558,Hyderabad,2017,31000,Diesel,Manual,First,21.1,1498,108.4,5.0,10.5
562,Ahmedabad,2016,100200,Diesel,Automatic,First,11.3,2755,171.5,7.0,17.0
568,Jaipur,2018,29000,Diesel,Manual,First,17.0,1956,170,5.0,19.0
573,Jaipur,2012,105000,Diesel,Manual,Second,15.9,2523,62.1,7.0,6.0
578,Coimbatore,2018,33558,Diesel,Manual,First,20.1,1498,88,5.0,8.12
599,Coimbatore,2019,40674,Diesel,Automatic,First,11.3,2755,171.5,7.0,24.82
603,Mumbai,2018,10003,Diesel,Automatic,First,17.0,2143,170,5.0,48.5
604,Mumbai,2016,25000,Diesel,Automatic,First,21.0,1498,108.5,5.0,9.45
615,Hyderabad,2017,52000,Diesel,Manual,First,13.6,2393,147.8,8.0,17.5
618,Pune,2016,21558,Diesel,Manual,First,24.0,1248,88.5,5.0,8.9
632,Mumbai,2016,11000,Diesel,Automatic,First,20.0,1496,113.98,5.0,29.5
635,Jaipur,2017,37000,Diesel,Manual,First,14.0,2179,154,7.0,11.25
636,Kochi,2017,32249,Diesel,Manual,First,21.0,1498,98.6,7.0,10.79
639,Mumbai,2017,7000,Petrol,Manual,First,20.8,1197,81.80,5.0,5.7
654,Bangalore,2011,64357,Petrol,Manual,First,24.0,998,67.1,5.0,2.75
657,Mumbai,2017,18000,Petrol,Automatic,First,16.0,1497,117.3,7.0,9.25
668,Coimbatore,2017,18108,Diesel,Manual,First,24.0,1248,88.5,5.0,11.31
671,Kochi,2013,37199,Petrol,Automatic,First,17.0,1498,99.6,5.0,5.43
697,Bangalore,2017,64798,Diesel,Manual,First,13.6,2393,147.8,7.0,18.75
714,Hyderabad,2017,13000,Petrol,Automatic,First,22.0,1197,81.80,5.0,8.5
731,Kolkata,2017,14000,Diesel,Manual,First,24.0,1186,73.97,5.0,4.9
732,Delhi,2014,55818,Petrol,Manual,Second,17.0,1497,117.3,5.0,5.7
741,Ahmedabad,2017,63939,Diesel,Manual,First,25.4,1248,88.50,7.0,7.75
742,Delhi,2014,35214,Petrol,Automatic,Second,23.0,998,67.04,5.0,3.2
746,Hyderabad,2014,60000,Diesel,Automatic,Second,20.0,1496,113.98,5.0,23.5
750,Bangalore,2015,18955,Petrol,Automatic,First,18.0,1497,117.3,5.0,10.65
756,Kochi,2018,20024,Petrol,Manual,First,18.0,1199,88.7,5.0,8.46
762,Kolkata,2015,72035,Diesel,Manual,First,25.0,1498,99,5.0,2.5
784,Ahmedabad,2016,21000,Petrol,Manual,First,15.0,1591,121.3,5.0,10.9
791,Coimbatore,2015,72599,Petrol,Manual,First,22.0,998,67.04,5.0,4.32
796,Coimbatore,2019,19654,Diesel,Automatic,First,14.0,2179,155,7.0,17.63
802,Mumbai,2016,21000,Diesel,Automatic,First,17.0,2143,201.15,5.0,56.0
809,Hyderabad,2018,12000,Diesel,Manual,First,27.0,1498,98.6,5.0,8.5
813,Pune,2014,49000,Petrol,Manual,First,24.0,998,67.1,5.0,2.3
825,Mumbai,2017,51000,Diesel,Manual,First,21.6,1498,108.62,5.0,6.45
838,Chennai,2016,215000,Diesel,Manual,First,14.0,2179,118.3,7.0,7.5
850,Pune,2017,43200,Diesel,Manual,First,13.6,2393,147.8,7.0,18.6
869,Jaipur,2018,25302,Diesel,Manual,First,25.0,1186,73.97,5.0,5.9
875,Kochi,2018,41736,Diesel,Automatic,First,11.3,2755,171.5,7.0,19.92
878,Jaipur,2017,63262,Petrol,Manual,First,21.0,999,67,5.0,3.25
880,Pune,2017,7500,Petrol,Automatic,First,23.0,998,67.04,5.0,5.0
884,Kolkata,2011,46687,Petrol,Manual,First,22.0,1197,81.80,5.0,2.7
897,Bangalore,2016,20487,Petrol,Manual,First,22.0,799,53.64,5.0,2.66
912,Coimbatore,2012,56661,Petrol,Manual,First,15.0,1196,73,7.0,3.61
919,Mumbai,2015,30000,Petrol,Automatic,First,18.0,1497,117.3,5.0,8.65
940,Mumbai,2017,52000,Diesel,Manual,First,16.0,1956,170,5.0,20.0
941,Kochi,2018,31427,Diesel,Automatic,First,15.6,1999,177,5.0,59.72
942,Kolkata,2016,29000,Diesel,Manual,First,27.3,1248,74,5.0,6.5
946,Bangalore,2013,132000,Diesel,Manual,First,13.0,2477,175.56,7.0,12.49
952,Coimbatore,2018,92056,Diesel,Manual,First,13.6,2393,147.8,7.0,18.39
954,Mumbai,2016,38000,Diesel,Manual,First,27.0,1498,98.6,5.0,6.21
962,Mumbai,2018,8682,Diesel,Automatic,First,0.0,1950,194,5.0,39.5
984,Mumbai,2012,61240,Diesel,Automatic,First,22.4,1995,190,5.0,17.5
1001,Hyderabad,2018,1900,Petrol,Manual,First,25.1,799,53.3,5.0,4.45
1010,Coimbatore,2019,23154,Diesel,Manual,First,23.0,1498,98.96,5.0,11.65
1012,Chennai,2017,67489,Diesel,Manual,First,13.6,2393,147.8,7.0,16.5
1017,Coimbatore,2014,56658,Diesel,Manual,First,20.6,1498,108.5,5.0,5.39
1030,Kochi,2013,105072,Diesel,Manual,First,14.2,2755,174.5,7.0,13.28
1039,Mumbai,2017,4000,Petrol,Automatic,First,16.0,1368,160,5.0,17.75
1044,Hyderabad,2015,45000,Diesel,Automatic,First,18.2,1968,187.74,5.0,25.0
1050,Coimbatore,2018,18385,Petrol,Automatic,First,14.0,1497,121.36,5.0,12.41
1056,Coimbatore,2016,74611,Diesel,Manual,First,25.0,1248,88.5,5.0,7.94
1065,Bangalore,2016,108000,Diesel,Automatic,First,11.3,2755,171.5,7.0,20.5
1072,Pune,2016,130000,Diesel,Manual,First,25.4,1248,88.50,7.0,7.0
1077,Kochi,2019,34688,Diesel,Manual,First,24.0,1248,88.5,5.0,10.49
1080,Mumbai,2014,40000,Petrol,Manual,First,17.5,1193,88.7,5.0,3.95
1094,Kolkata,2017,35000,Diesel,Manual,First,24.0,1248,88.5,5.0,6.5
1096,Chennai,2012,97000,Diesel,Manual,First,20.0,1497,115,5.0,7.25
1097,Kochi,2014,89614,Diesel,Manual,First,22.0,1582,126.2,5.0,6.01
1103,Delhi,2017,55000,Diesel,Manual,First,17.0,2179,153.86,7.0,12.0
1110,Coimbatore,2018,9565,Petrol,Manual,First,23.8,1199,84,5.0,5.88
1113,Kochi,2018,20446,Petrol,Automatic,First,12.0,1950,191.34,5.0,51.35
1117,Ahmedabad,2014,34000,Diesel,Automatic,First,20.0,1496,113.98,5.0,22.0
1139,Delhi,2017,8471,Petrol,Manual,First,18.0,1197,81.86,5.0,5.0
1140,Hyderabad,2016,69000,Diesel,Automatic,First,11.3,2755,171.5,7.0,19.75
1141,Coimbatore,2017,30090,Diesel,Automatic,First,19.0,1461,108.45,5.0,11.44
1146,Mumbai,2016,40448,Diesel,Manual,First,15.9,2523,62.1,7.0,3.5
1147,Coimbatore,2018,64456,Diesel,Manual,First,24.0,1248,88.5,5.0,10.46
1149,Kochi,2016,51672,Petrol,Manual,First,19.0,1199,88.76,5.0,5.68
1157,Hyderabad,2017,20000,Petrol,Manual,First,18.0,1197,81.86,5.0,5.98
1159,Kochi,2018,50234,Petrol,Manual,First,18.0,1197,81.86,5.0,4.77
1187,Mumbai,2015,40600,Petrol,Automatic,First,17.0,1591,121.3,5.0,7.2
1188,Ahmedabad,2013,87000,Diesel,Automatic,First,22.0,1582,126.2,5.0,5.9
1192,Hyderabad,2015,51000,Diesel,Automatic,First,27.0,1969,190,5.0,25.0
1195,Chennai,2012,65000,Diesel,Automatic,First,22.6,1995,190,5.0,14.0
1197,Hyderabad,2017,24393,Diesel,Manual,First,13.6,2393,147.8,7.0,20.4
1198,Hyderabad,2019,1000,Petrol,Manual,First,18.7,999,75,5.0,5.68
1200,Mumbai,2013,59000,Diesel,Manual,First,13.0,2477,175.56,7.0,12.75
1226,Delhi,2017,21000,Petrol,Automatic,First,14.2,1798,138.03,5.0,18.0
1230,Ahmedabad,2012,52000,Diesel,Manual,First,21.4,1364,86.79,5.0,6.5
1242,Delhi,2018,1000,Diesel,Automatic,First,13.0,1999,177,5.0,40.0
1243,Chennai,2016,85000,Diesel,Manual,First,14.9,2489,93.7,7.0,6.15
1247,Kochi,2017,34613,Diesel,Manual,First,28.0,1248,74,5.0,6.24
1256,Bangalore,2014,54000,Petrol,Manual,First,20.1,1197,81.86,5.0,5.5
1270,Kochi,2018,22974,Petrol,Automatic,First,18.0,1497,117.3,5.0,11.97
1272,Ahmedabad,2015,65012,Diesel,Manual,First,14.2,2755,174.5,7.0,18.9
1274,Hyderabad,2015,90413,Petrol,Manual,First,15.0,1196,73,7.0,2.95
1301,Mumbai,2015,14000,Diesel,Manual,First,28.0,1248,74,5.0,5.25
1303,Coimbatore,2012,44450,Diesel,Automatic,First,22.4,1995,190,5.0,24.68
1305,Mumbai,2016,31000,Diesel,Automatic,First,17.0,1995,190,5.0,29.5
1313,Chennai,2008,121097,Diesel,Manual,Second,24.0,1396,88.76,5.0,1.9
1317,Jaipur,2013,86000,Diesel,Manual,Second,19.0,1248,75,5.0,2.5
1320,Kochi,2013,37613,Diesel,Automatic,First,22.6,1995,190,5.0,13.95
1324,Coimbatore,2019,16862,Petrol,Manual,First,20.8,1197,81.80,5.0,6.06
1332,Pune,2013,79494,CNG,Manual,First,46.955999999999996,998,67.04,5.0,2.96
1336,Mumbai,2016,20002,Diesel,Automatic,First,14.7,2967,245,7.0,67.0
1362,Kolkata,2018,2100,Petrol,Manual,First,24.0,998,67.1,5.0,3.6
1363,Coimbatore,2018,20667,Petrol,Automatic,First,18.0,1197,81.86,5.0,7.55
1368,Kochi,2019,18453,Petrol,Manual,First,18.0,1197,81.86,5.0,6.17
1369,Hyderabad,2008,96578,Diesel,Manual,First,22.0,1582,126.2,5.0,2.5
1381,Bangalore,2016,45000,Diesel,Automatic,First,19.0,1461,108.45,5.0,11.5
1393,Bangalore,2018,3000,Petrol,Automatic,First,18.0,1197,81.86,5.0,6.2
1407,Kolkata,2016,66618,Diesel,Automatic,First,11.3,2755,171.5,7.0,15.49
1412,Mumbai,2016,43706,Petrol,Manual,First,17.5,1193,88.7,5.0,4.0
1427,Kochi,2018,8899,Diesel,Manual,First,13.6,2393,147.8,7.0,19.92
1437,Pune,2018,17000,Petrol,Manual,First,17.0,1497,121.36,5.0,9.2
1443,Hyderabad,2016,10000,Petrol,Manual,First,24.0,998,67.1,5.0,3.5
1455,Mumbai,2010,93000,Petrol,Manual,First,14.2,1798,138.03,5.0,4.5
1472,Delhi,2017,9500,Petrol,Automatic,First,14.6,1999,149.92,5.0,16.35
1490,Chennai,2016,55000,Diesel,Automatic,First,17.0,1582,126.2,5.0,12.5
1494,Jaipur,2016,58095,Diesel,Manual,First,21.6,1498,108.62,5.0,5.8
1495,Kolkata,2015,7445,Petrol,Manual,First,17.5,1193,88.7,5.0,5.0
1497,Kochi,2018,28321,Petrol,Automatic,First,14.2,1798,138.03,5.0,17.49
1505,Kochi,2019,26013,Diesel,Automatic,First,12.6,2993,255,5.0,97.07
1519,Hyderabad,2017,28226,Diesel,Automatic,First,28.0,1248,73.75,5.0,9.15
1525,Chennai,2016,29200,Diesel,Manual,First,23.0,1498,98.96,5.0,7.7
1529,Coimbatore,2018,38310,Diesel,Manual,First,20.6,1248,88.7,5.0,6.69
1531,Kolkata,2017,31300,Diesel,Automatic,First,21.7,1498,108.4,5.0,10.5
1532,Coimbatore,2019,11241,Diesel,Manual,First,13.6,2393,147.8,8.0,22.55
1542,Jaipur,2016,19000,Diesel,Manual,First,16.5,2498,105,6.0,9.25
1544,Coimbatore,2017,30279,Diesel,Manual,First,26.0,1498,99,5.0,7.29
1545,Mumbai,2016,20000,Diesel,Automatic,First,20.0,1496,113.98,4.0,23.5
1547,Pune,2015,90000,Diesel,Manual,Second,21.0,1461,65,5.0,3.1
1558,Coimbatore,2017,22389,Petrol,Manual,First,17.0,1198,73.75,5.0,7.23
1568,Mumbai,2017,40000,Diesel,Automatic,First,12.8,1999,148.31,7.0,41.5
1574,Jaipur,2017,50510,Diesel,Automatic,First,17.0,1968,141,5.0,24.9
1583,Kochi,2019,6773,Diesel,Automatic,First,14.7,2967,245,7.0,72.94
1589,Jaipur,2013,63000,Diesel,Manual,First,15.9,2523,62.1,7.0,5.5
1631,Kochi,2017,32838,Diesel,Automatic,First,17.0,1995,190,5.0,30.29
1652,Hyderabad,2017,4000,Diesel,Automatic,First,13.0,1999,177,5.0,38.0
1663,Delhi,2012,45631,Petrol,Manual,Second,22.0,998,67.04,5.0,2.74
1677,Delhi,2017,12248,Petrol,Manual,First,18.0,1197,81.86,5.0,4.9
1680,Coimbatore,2011,48624,Petrol,Manual,First,24.0,998,67.1,5.0,3.22
1689,Kochi,2018,32586,Diesel,Automatic,First,22.4,1995,190,5.0,37.3
1690,Coimbatore,2018,40129,Diesel,Automatic,First,11.5,2987,254.79,5.0,70.8
1692,Kochi,2018,10393,Petrol,Manual,First,18.0,1197,81.86,5.0,6.03
1704,Pune,2018,1700,Petrol,Automatic,First,19.0,1199,88.76,5.0,7.8
1708,Coimbatore,2016,58661,Diesel,Automatic,First,15.1,1968,181,5.0,28.03
1717,Hyderabad,2015,169000,Diesel,Manual,First,14.9,2489,93.7,7.0,5.0
1725,Mumbai,2017,5500,Petrol,Manual,First,21.5,1462,103.25,5.0,8.2
1743,Ahmedabad,2010,21002,Petrol,Manual,First,22.0,998,67.04,5.0,2.75
1747,Coimbatore,2017,28371,Petrol,Manual,First,15.0,1196,73,7.0,4.74
1754,Delhi,2017,15000,Petrol,Manual,First,21.0,999,67,5.0,4.25
1773,Kochi,2018,15135,Petrol,Manual,First,17.0,1199,88.7,5.0,9.29
1783,Coimbatore,2017,37832,Petrol,Automatic,First,22.0,998,67,5.0,5.23
1784,Coimbatore,2016,43041,Petrol,Manual,First,18.0,1197,81.86,5.0,6.01
1793,Kolkata,2017,31184,Petrol,Manual,First,18.0,1197,81.86,5.0,5.0
1794,Pune,2017,41747,Diesel,Automatic,First,28.0,1248,73.75,5.0,9.0
1797,Coimbatore,2019,20877,Petrol,Manual,First,18.1,1197,78.9,5.0,7.27
1798,Mumbai,2016,23555,Petrol,Manual,First,22.0,1197,81.80,5.0,5.1
1803,Mumbai,2016,28000,Petrol,Automatic,First,17.2,1197,103.5,5.0,7.25
1805,Hyderabad,2017,40000,Diesel,Manual,First,22.9,1248,74,5.0,5.25
1823,Ahmedabad,2014,49000,Diesel,Automatic,First,18.2,1582,126.2,5.0,8.9
1824,Mumbai,2017,7000,Diesel,Manual,First,17.0,1956,170,5.0,17.45
1826,Kochi,2012,83184,Petrol,Manual,First,14.2,1798,138.03,5.0,6.22
1830,Coimbatore,2017,33552,Diesel,Automatic,First,11.5,2987,254.79,5.0,64.87
1841,Mumbai,2016,17000,Petrol,Automatic,First,15.0,1595,122,5.0,17.25
1842,Kochi,2018,46493,Petrol,Manual,First,18.0,1197,81.86,5.0,5.53
1855,Ahmedabad,2011,100000,Diesel,Automatic,Second,22.6,1995,190,5.0,10.9
1872,Mumbai,2014,34669,Petrol,Manual,First,15.0,1196,73,7.0,2.9
1877,Kochi,2019,10601,Diesel,Automatic,First,11.3,2755,171.5,7.0,19.65
1885,Delhi,2018,6000,Diesel,Automatic,First,11.0,2987,258,7.0,79.0
1886,Delhi,2018,9434,Petrol,Manual,First,18.0,1197,81.86,5.0,5.75
1896,Coimbatore,2018,35569,Petrol,Manual,First,17.0,1198,73.75,5.0,7.27
1902,Ahmedabad,2017,15000,Diesel,Automatic,First,12.0,2755,174.5,7.0,30.0
1920,Delhi,2016,45376,Diesel,Manual,First,28.0,1248,73.75,5.0,5.75
1923,Kochi,2017,78526,Diesel,Manual,First,23.0,1498,98.96,5.0,8.09
1926,Coimbatore,2015,42265,Diesel,Automatic,Second,20.6,1995,190,5.0,22.24
1932,Mumbai,2017,26000,Diesel,Manual,First,23.0,1498,98.96,5.0,8.99
1934,Jaipur,2017,24000,Diesel,Manual,First,28.0,1248,73.75,5.0,8.2
1955,Delhi,2013,57478,Petrol,Manual,Second,17.0,1591,121.3,5.0,5.25
1961,Hyderabad,2016,41372,Diesel,Manual,First,24.0,1248,88.5,5.0,9.3
1963,Pune,2017,35000,Diesel,Automatic,First,17.0,2143,136,5.0,23.5
1990,Mumbai,2012,74000,Diesel,Manual,Second,28.0,1248,73.75,5.0,4.25
1991,Kochi,2018,28937,Diesel,Manual,First,17.0,1956,170,5.0,17.02
1994,Coimbatore,2013,63854,Diesel,Manual,First,21.4,1364,86.79,5.0,7.12
1995,Chennai,2018,3000,Diesel,Automatic,First,24.0,1248,88.5,5.0,11.25
1998,Mumbai,2014,64241,Petrol,Manual,First,20.1,1197,81.86,5.0,3.67
2003,Bangalore,2016,28143,Diesel,Automatic,First,20.6,1995,190,5.0,28.5
2008,Hyderabad,2017,67000,Diesel,Manual,First,13.6,2393,147.8,7.0,16.5
2013,Kochi,2018,5354,Petrol,Automatic,First,18.0,1197,81.86,5.0,6.76
2014,Chennai,2016,42000,Petrol,Manual,Second,18.7,999,75,5.0,5.5
2025,Coimbatore,2013,54885,Petrol,Manual,First,15.0,1196,73,7.0,3.75
2030,Mumbai,2016,25121,Diesel,Manual,First,13.6,2393,147.8,7.0,17.11
2041,Hyderabad,2012,75000,Diesel,Manual,First,15.9,2523,62.1,7.0,4.3
2054,Mumbai,2017,1000,Petrol,Manual,First,20.8,1197,81.80,5.0,6.36
2056,Kochi,2015,29966,Diesel,Automatic,Second,16.7,2993,261.49,5.0,43.6
2059,Mumbai,2013,54000,CNG,Manual,First,46.955999999999996,998,67.04,5.0,3.05
2061,Coimbatore,2018,33218,Diesel,Manual,First,17.0,1956,170,5.0,19.05
2073,Hyderabad,2017,2000,Diesel,Automatic,First,20.0,1496,113.98,5.0,34.0
2075,Chennai,2015,40000,Petrol,Manual,First,17.5,1193,88.7,5.0,4.0
2079,Kolkata,2015,2800,Diesel,Manual,First,26.0,1498,99,5.0,8.41
2086,Coimbatore,2016,37429,Petrol,Manual,First,18.0,1197,81.86,5.0,5.89
2088,Delhi,2011,67031,Petrol,Manual,First,17.0,1497,117.3,5.0,4.0
2090,Mumbai,2016,47691,Petrol,Automatic,First,23.0,998,67.04,5.0,3.94
2094,Kolkata,2015,28193,Diesel,Manual,First,28.0,1248,73.75,5.0,5.25
2095,Coimbatore,2019,2526,Petrol,Automatic,First,19.0,2996,362.07,2.0,83.96
2097,Hyderabad,2013,85000,Diesel,Automatic,First,16.0,1950,194,5.0,21.0
2098,Ahmedabad,2015,20780,Petrol,Manual,First,18.0,1197,81.86,5.0,4.3
2111,Kochi,2017,25601,Diesel,Automatic,First,17.0,2143,201.15,5.0,56.73
2119,Mumbai,2007,1261,Petrol,Manual,First,19.0,1194,94.68,5.0,6.0
2120,Coimbatore,2017,59450,Petrol,Manual,First,18.0,1197,81.86,5.0,7.53
2127,Mumbai,2016,12573,Petrol,Manual,First,21.0,1197,83.1,5.0,5.8
2134,Pune,2017,29000,Diesel,Automatic,First,12.0,2755,174.5,7.0,31.0
2138,Delhi,2013,68000,Diesel,Manual,First,25.4,1248,88.50,7.0,4.85
2151,Hyderabad,2013,84000,Diesel,Manual,First,28.0,1248,74,5.0,5.65
2157,Delhi,2016,24347,Petrol,Manual,First,15.0,1591,121.3,5.0,11.0
2160,Mumbai,2017,17000,Petrol,Automatic,First,18.0,1497,117.3,5.0,11.6
2166,Kochi,2014,41460,Petrol,Manual,First,18.0,1198,86.8,5.0,3.95
2178,Mumbai,2017,35000,Diesel,Automatic,First,18.0,2993,255,7.0,41.6
2182,Bangalore,2015,150386,Diesel,Manual,First,14.2,2755,174.5,7.0,23.0
2185,Ahmedabad,2017,80000,Diesel,Manual,First,24.0,1248,88.5,5.0,8.0
2187,Mumbai,2016,13000,Petrol,Automatic,First,12.9,1999,152.88,5.0,17.75
2195,Kolkata,2016,16956,Petrol,Manual,First,22.0,998,67.04,5.0,3.6
2200,Mumbai,2010,38000,Petrol,Manual,Second,22.0,998,67.04,5.0,1.75
2220,Mumbai,2017,20000,Petrol,Automatic,First,16.0,1198,86.8,5.0,5.99
2224,Kochi,2016,36681,Diesel,Manual,First,23.5,1364,67.06,5.0,6.71
2229,Coimbatore,2018,20300,Petrol,Automatic,First,18.0,1497,117.3,5.0,14.21
2231,Kochi,2017,21799,Petrol,Manual,First,23.0,998,67.04,5.0,5.11
2233,Hyderabad,2017,35358,Diesel,Automatic,First,11.3,2755,171.5,7.0,22.99
2239,Jaipur,2016,42700,Petrol,Manual,First,23.8,1199,84,5.0,3.6
2242,Hyderabad,2010,110000,Diesel,Manual,First,14.2,2755,174.5,7.0,13.7
2245,Mumbai,2015,55000,Petrol,Manual,First,21.0,1197,81.80,5.0,3.1
2251,Hyderabad,2017,46000,Diesel,Manual,First,25.0,1498,98.6,5.0,12.9
2260,Ahmedabad,2012,95000,Diesel,Automatic,Second,22.4,1995,190,5.0,17.5
2275,Delhi,2017,39000,Diesel,Manual,First,23.0,1498,98.96,5.0,8.45
2277,Mumbai,2010,140000,Diesel,Manual,First,14.2,2755,174.5,7.0,10.75
2290,Kochi,2016,62192,Diesel,Manual,First,28.0,1248,74,5.0,5.22
2292,Kochi,2018,38394,Petrol,Manual,First,21.5,1462,103.25,5.0,9.18
2309,Delhi,2016,28000,Petrol,Automatic,First,14.6,1999,149.92,5.0,13.9
2313,Mumbai,2011,47000,Diesel,Manual,First,20.6,1498,108.5,5.0,3.25
2319,Coimbatore,2019,9312,Diesel,Automatic,First,18.0,2987,258,5.0,78.8
2326,Coimbatore,2015,58239,Petrol,Automatic,First,14.6,1999,149.92,5.0,9.69
2333,Mumbai,2014,51000,Diesel,Manual,First,19.8,1461,83.14,5.0,5.65
2334,Ahmedabad,2016,88008,Diesel,Automatic,Second,12.0,2755,174.5,7.0,22.5
2341,Mumbai,2018,10000,Diesel,Automatic,First,17.0,2143,136,5.0,28.9
2364,Chennai,2012,17000,Petrol,Automatic,Second,16.8,1998,189.08,4.0,22.0
2370,Mumbai,2013,21000,Petrol,Automatic,First,17.4,1998,189.08,4.0,21.5
2371,Pune,2014,29202,CNG,Manual,First,46.955999999999996,998,67.04,5.0,3.9
2380,Mumbai,2017,32000,Petrol,Automatic,First,14.8,1598,103.52,5.0,8.11
2387,Delhi,2017,65000,Diesel,Manual,First,25.4,1248,88.50,7.0,7.65
2397,Kolkata,2016,21460,Petrol,Manual,First,17.0,1497,121.36,5.0,6.0
2400,Hyderabad,2015,33000,Petrol,Automatic,First,19.0,1199,88.7,5.0,7.25
2410,Jaipur,2017,48324,Diesel,Manual,First,24.0,1248,88.5,5.0,9.0
2413,Kochi,2017,20773,Diesel,Manual,First,24.0,1186,73.97,5.0,5.92
2414,Kolkata,2016,22000,Diesel,Manual,First,20.1,1498,88,5.0,6.29
2423,Mumbai,2013,25000,Diesel,Automatic,First,22.6,1995,190,5.0,17.99
2428,Chennai,2015,82000,Diesel,Manual,Second,14.0,2179,118.3,7.0,4.85
2438,Hyderabad,2011,110000,Diesel,Manual,First,28.0,1248,73.75,5.0,4.0
2443,Delhi,2012,68038,Diesel,Manual,First,20.1,1498,88,5.0,3.6
2445,Ahmedabad,2013,55000,Diesel,Automatic,First,22.4,1995,190,5.0,21.75
2446,Mumbai,2017,25000,Diesel,Automatic,First,17.0,2143,170,5.0,45.0
2447,Coimbatore,2011,46808,Petrol,Manual,Second,24.0,998,67.1,5.0,3.19
2448,Coimbatore,2015,65743,Petrol,Manual,First,20.1,1197,81.86,5.0,6.2
2454,Mumbai,2016,29477,Petrol,Manual,First,15.0,1591,121.3,5.0,10.25
2455,Delhi,2017,40000,Diesel,Automatic,First,12.0,2755,174.5,7.0,30.0
2459,Mumbai,2017,30000,Diesel,Manual,First,23.0,1498,98.96,5.0,8.99
2464,Delhi,2017,47000,Petrol,Manual,Second,17.5,1193,88.7,5.0,4.5
2485,Kochi,2017,45362,Diesel,Manual,First,24.0,1248,88.5,5.0,9.38
2488,Coimbatore,2019,14233,Diesel,Automatic,First,17.0,2179,153.86,7.0,17.85
2495,Mumbai,2010,62004,Petrol,Automatic,Second,14.6,1798,177.46,5.0,3.75
2496,Mumbai,2016,25500,Diesel,Automatic,First,21.0,1498,108.5,5.0,8.95
2509,Mumbai,2018,11000,Diesel,Automatic,First,16.0,1950,194,5.0,56.5
2510,Mumbai,2014,18600,Diesel,Automatic,Second,22.6,1995,190,5.0,21.0
2528,Delhi,2016,59000,Diesel,Automatic,First,18.0,2993,255,7.0,36.75
2533,Coimbatore,2017,20969,Diesel,Automatic,First,17.0,2143,136,5.0,27.87
2534,Kolkata,2018,2900,Diesel,Manual,First,24.0,1248,88.5,5.0,8.75
2536,Coimbatore,2018,5833,Diesel,Manual,First,21.1,1498,108.4,5.0,11.92
2545,Coimbatore,2017,37712,Diesel,Manual,First,17.4,1493,100,7.0,7.57
2558,Kochi,2018,30953,Petrol,Manual,First,22.0,799,53.64,5.0,3.48
2563,Coimbatore,2018,48188,Diesel,Manual,First,16.0,1956,170,5.0,21.69
2569,Coimbatore,2017,65367,Diesel,Automatic,First,11.3,2755,171.5,7.0,20.14
2589,Mumbai,2016,8000,Petrol,Automatic,First,22.0,998,67,5.0,4.15
2592,Mumbai,2016,13198,Petrol,Manual,First,24.0,998,67.1,5.0,3.15
2595,Coimbatore,2019,15379,Petrol,Automatic,First,23.8,1199,83.83,5.0,6.97
2604,Mumbai,2016,15000,Petrol,Automatic,First,16.8,1998,189.08,4.0,35.0
2607,Pune,2017,50000,Diesel,Manual,First,22.0,1582,126.2,5.0,11.5
2622,Pune,2016,54000,Diesel,Manual,First,19.8,1461,83.8,5.0,6.5
2648,Pune,2016,9200,Petrol,Manual,First,15.0,1497,117.3,7.0,8.0
2649,Hyderabad,2015,29000,Diesel,Manual,First,27.0,1498,98.6,5.0,5.99
2665,Kochi,2018,46805,Petrol,Manual,First,24.0,998,67.1,5.0,3.63
2667,Mumbai,2017,100000,Petrol,Manual,First,17.5,1193,88.7,5.0,4.25
2678,Kochi,2011,15466,Petrol,Manual,First,22.0,998,67.04,5.0,3.36
2692,Kolkata,2011,70000,Diesel,Automatic,First,22.6,1995,190,5.0,10.3
2694,Kochi,2014,41994,Petrol,Manual,First,22.0,998,67.04,5.0,3.41
2699,Bangalore,2015,51000,Diesel,Automatic,First,15.1,1968,181,5.0,27.5
2700,Jaipur,2015,64876,Petrol,Manual,First,21.0,1197,81.80,5.0,3.5
2701,Kochi,2016,70536,CNG,Manual,First,44.50599999999999,998,58.33,5.0,4.58
2702,Coimbatore,2017,25299,Diesel,Manual,First,24.0,1248,88.5,5.0,10.34
2709,Kochi,2016,40866,Petrol,Manual,First,19.0,1199,86.76,5.0,5.47
2711,Kochi,2017,20469,Petrol,Automatic,First,16.8,1998,189.08,4.0,35.98
2722,Kochi,2018,31426,Diesel,Manual,First,21.6,1498,108.62,5.0,7.9
2728,Kochi,2019,13574,Petrol,Automatic,First,21.0,1197,83.1,5.0,9.51
2742,Ahmedabad,2013,90000,Diesel,Automatic,First,22.4,1995,190,5.0,19.5
2745,Kochi,2017,38426,Diesel,Manual,First,24.0,1248,88.5,5.0,9.13
2746,Pune,2011,45000,Petrol,Manual,First,15.0,1196,73,7.0,2.25
2749,Mumbai,2010,37822,Petrol,Manual,First,22.0,998,67.04,5.0,2.35
2763,Coimbatore,2017,72202,Diesel,Manual,First,13.6,2393,147.8,8.0,17.92
2767,Coimbatore,2018,30706,Diesel,Automatic,First,11.5,2987,254.79,5.0,59.29
2770,Mumbai,2016,12208,Petrol,Manual,First,21.0,1197,83.1,5.0,6.75
2774,Mumbai,2017,27853,Petrol,Automatic,First,17.2,1197,103.5,5.0,8.25
2788,Kochi,2018,20689,Petrol,Manual,First,18.0,1197,81.86,5.0,6.07
2801,Coimbatore,2017,53285,Petrol,Automatic,First,22.0,999,67,5.0,4.28
2808,Mumbai,2017,19863,Diesel,Automatic,First,11.5,2987,254.79,5.0,64.95
2812,Mumbai,2018,3958,Petrol,Manual,First,18.0,1197,81.86,5.0,5.55
2827,Hyderabad,2009,58000,Diesel,Automatic,First,18.5,1995,190,5.0,17.98
2851,Kochi,2018,18335,Petrol,Manual,First,21.0,999,67,5.0,4.5
2853,Mumbai,2017,25000,Petrol,Automatic,First,17.2,1197,103.5,5.0,7.75
2855,Kochi,2019,21719,Diesel,Automatic,First,12.0,2755,174.5,7.0,33.13
2859,Hyderabad,2018,4126,Petrol,Manual,First,21.0,999,67,5.0,4.8
2860,Hyderabad,2017,98500,Diesel,Manual,First,22.9,1248,74,5.0,6.0
2866,Coimbatore,2009,103905,Diesel,Automatic,First,22.6,1995,190,5.0,9.92
2876,Delhi,2014,56000,Diesel,Automatic,First,18.5,1968,187.74,5.0,24.0
2878,Kochi,2017,33550,Diesel,Automatic,First,21.0,1498,108.5,5.0,9.6
2879,Hyderabad,2014,62000,Diesel,Automatic,First,18.5,1968,187.74,5.0,25.0
2890,Coimbatore,2018,27852,Petrol,Automatic,First,14.0,1497,121.36,5.0,10.44
2894,Mumbai,2018,14000,Diesel,Manual,First,21.0,1497,108.5,5.0,9.9
2900,Jaipur,2017,34429,Diesel,Automatic,First,13.0,2999,174.57,7.0,20.0
2914,Ahmedabad,2012,52100,Diesel,Manual,First,21.4,1364,86.79,5.0,6.5
2915,Jaipur,2018,10000,Petrol,Manual,First,18.0,1197,81.86,5.0,5.85
2916,Coimbatore,2019,6261,Diesel,Manual,First,16.0,1956,170,5.0,23.91
2917,Coimbatore,2019,3906,Petrol,Automatic,First,20.8,1197,81.80,5.0,7.36
2920,Mumbai,2017,38000,Diesel,Manual,First,13.6,2393,147.8,7.0,17.65
2922,Hyderabad,2015,150000,Diesel,Manual,First,23.5,1364,67.05,5.0,6.0
2937,Delhi,2017,18000,Diesel,Automatic,First,11.3,2755,171.5,8.0,18.25
2957,Ahmedabad,2016,41000,Petrol,Manual,First,19.6,1198,67.04,5.0,4.25
2959,Hyderabad,2017,37000,Diesel,Manual,First,17.0,1956,170,5.0,16.9
2970,Pune,2017,72000,Diesel,Manual,First,22.9,1248,74,5.0,5.0
2977,Hyderabad,2013,34900,Petrol,Manual,First,22.0,1197,81.80,5.0,5.49
2989,Mumbai,2014,25422,Petrol,Manual,First,22.0,998,67.04,5.0,3.25
2990,Mumbai,2018,14000,Diesel,Manual,First,25.4,1248,88.50,7.0,9.25
2994,Kolkata,2017,43000,Petrol,Manual,First,18.1,1198,82,5.0,4.5
3002,Pune,2010,68000,Petrol,Manual,First,22.0,1197,81.80,5.0,2.8
3006,Pune,2018,16039,Diesel,Manual,First,17.0,1956,170,5.0,18.5
3012,Hyderabad,2016,52000,Diesel,Manual,First,28.0,1248,74,5.0,5.95
3040,Kochi,2015,53500,Diesel,Manual,First,28.0,1248,74,5.0,5.36
3052,Mumbai,2016,50000,Diesel,Manual,First,25.0,1186,73.97,5.0,3.5
3059,Delhi,2019,87000,Diesel,Automatic,First,22.6,1995,190,5.0,6.67
3067,Coimbatore,2016,93166,Diesel,Manual,Second,14.0,2179,118.3,7.0,5.85
3075,Kolkata,2018,5000,Petrol,Automatic,First,14.2,1798,138.03,5.0,16.95
3078,Mumbai,2015,39822,Petrol,Manual,First,15.4,1598,103.52,5.0,4.68
3080,Kochi,2017,24214,Petrol,Manual,Second,25.1,799,53.3,5.0,3.46
3087,Coimbatore,2013,85846,Diesel,Automatic,First,22.6,1995,190,5.0,13.08
3119,Kochi,2018,44202,CNG,Manual,First,45.163999999999994,998,58.2,4.0,4.0
3127,Kochi,2017,35981,Diesel,Manual,First,24.0,1248,88.5,5.0,9.51
3129,Delhi,2014,74663,CNG,Manual,First,46.955999999999996,998,67.04,5.0,3.25
3132,Kochi,2019,14298,Petrol,Automatic,First,13.3,2995,340,5.0,2.02
3142,Mumbai,2015,22000,Petrol,Manual,First,18.0,1198,86.8,5.0,3.95
3156,Coimbatore,2019,12153,Petrol,Automatic,First,18.0,1197,81.86,5.0,6.84
3158,Kochi,2017,61221,Petrol,Automatic,First,17.8,1395,147.51,5.0,21.73
3161,Kochi,2019,14857,Diesel,Automatic,First,20.0,1496,113.98,5.0,31.55
3163,Coimbatore,2019,14648,Diesel,Manual,First,12.6,2198,158,7.0,27.36
3168,Kochi,2017,48198,Petrol,Manual,First,17.5,1193,88.7,5.0,4.65
3173,Pune,2012,150000,Diesel,Manual,Third,28.0,1248,73.75,5.0,2.25
3180,Ahmedabad,2015,47001,CNG,Manual,First,28.0,1196,63,5.0,3.72
3181,Chennai,2014,52000,Petrol,Manual,First,22.0,998,67.04,5.0,3.45
3186,Coimbatore,2017,62788,Petrol,Manual,First,18.0,1197,81.86,5.0,6.08
3190,Pune,2018,20300,Diesel,Automatic,First,11.3,2755,171.5,7.0,18.0
3194,Kochi,2015,27641,Diesel,Automatic,Second,20.0,1496,113.98,4.0,24.77
3198,Delhi,2018,9000,Diesel,Manual,First,14.0,2179,155,7.0,13.0
3199,Kolkata,2012,41100,Diesel,Automatic,First,16.7,2993,261.49,5.0,26.5
3203,Mumbai,2015,19000,Petrol,Automatic,First,18.0,1497,117.3,5.0,8.95
3217,Jaipur,2017,35000,Petrol,Automatic,First,18.0,1497,117.3,5.0,7.7
3219,Mumbai,2017,11000,Petrol,Manual,First,17.0,1497,117.3,5.0,8.5
3226,Chennai,2012,93450,Diesel,Manual,Second,23.1,1461,63.12,5.0,2.5
3239,Ahmedabad,2013,56454,Diesel,Manual,First,28.0,1248,73.75,5.0,4.65
3244,Kolkata,2017,15050,Diesel,Manual,First,16.0,1956,170,5.0,17.5
3254,Kolkata,2018,8896,Petrol,Manual,First,19.0,1194,94.68,5.0,7.34
3256,Mumbai,2016,31378,Petrol,Manual,First,18.0,1199,88.7,5.0,5.9
3259,Mumbai,2017,31000,Diesel,Automatic,First,18.5,1968,147.51,5.0,27.0
3266,Kolkata,2015,7501,Petrol,Automatic,First,10.0,2996,333,4.0,48.0
3268,Coimbatore,2018,29277,Diesel,Automatic,First,11.5,2987,254.79,5.0,59.65
3273,Coimbatore,2018,34630,Petrol,Automatic,First,21.0,1197,83.1,5.0,7.29
3277,Kochi,2016,32298,Diesel,Automatic,First,20.0,1496,113.98,4.0,23.8
3300,Kolkata,2018,17000,Diesel,Manual,First,26.0,1498,99,5.0,5.65
3324,Kochi,2019,29836,Diesel,Automatic,First,17.0,2143,136,5.0,25.75
3334,Delhi,2013,84000,Diesel,Manual,First,23.5,1364,67.04,5.0,3.85
3358,Chennai,2015,55000,Petrol,Automatic,First,23.0,998,67.04,5.0,3.5
3373,Mumbai,2017,7500,Petrol,Manual,First,17.0,1497,117.3,5.0,11.15
3374,Jaipur,2016,68163,Diesel,Automatic,First,19.0,1461,108.45,5.0,8.9
3381,Kochi,2017,35384,Diesel,Manual,First,24.0,1248,88.5,5.0,8.61
3383,Coimbatore,2018,32189,Diesel,Manual,First,23.0,1498,98.96,5.0,9.25
3417,Mumbai,2010,67000,Diesel,Automatic,Second,22.6,1995,190,5.0,9.25
3425,Coimbatore,2018,52380,Diesel,Manual,First,24.0,1248,88.5,5.0,10.15
3430,Chennai,2011,42000,Petrol,Manual,Second,17.7,1197,78.9,5.0,3.75
3448,Ahmedabad,2017,32248,Petrol,Manual,First,17.0,1199,88.7,5.0,8.25
3451,Bangalore,2014,61325,Petrol,Manual,First,18.0,1197,81.86,5.0,4.4
3465,Jaipur,2014,69000,Petrol,Manual,First,19.0,1199,88.76,5.0,4.5
3471,Hyderabad,2016,45492,Diesel,Automatic,First,21.0,1498,108.5,5.0,10.3
3480,Coimbatore,2014,33496,Petrol,Manual,First,18.0,1197,81.86,5.0,5.5
3500,Delhi,2013,65000,Diesel,Automatic,First,22.4,1995,190,5.0,21.26
3501,Bangalore,2016,16471,Petrol,Manual,Second,14.2,1798,138.03,5.0,11.5
3514,Pune,2018,4500,Petrol,Automatic,First,18.0,1497,117.3,5.0,12.5
3518,Coimbatore,2017,42646,Diesel,Automatic,First,19.0,1461,108.45,5.0,12.46
3524,Jaipur,2015,63310,Diesel,Manual,First,28.0,1248,74,5.0,5.1
3537,Hyderabad,2015,37000,Petrol,Manual,First,18.0,1199,88.7,5.0,6.3
3539,Hyderabad,2013,65280,Diesel,Manual,First,19.8,1461,83.14,5.0,5.8
3544,Jaipur,2017,45000,Diesel,Manual,First,16.0,1956,170,5.0,20.0
3550,Pune,2017,42000,Diesel,Manual,First,25.0,1498,98.6,5.0,12.0
3552,Chennai,2018,48000,Diesel,Manual,First,24.0,1186,73.97,5.0,5.95
3555,Coimbatore,2019,33598,Diesel,Manual,First,13.6,2393,147.8,7.0,22.2
3567,Kochi,2019,13414,Diesel,Automatic,First,17.0,2143,136,5.0,30.77
3569,Jaipur,2018,15900,Petrol,Manual,First,18.1,1198,82,6.0,6.25
3572,Coimbatore,2017,36824,Diesel,Automatic,First,18.5,1968,187.74,5.0,39.84
3578,Kolkata,2016,20000,Petrol,Automatic,First,21.0,1197,83.1,5.0,5.74
3581,Ahmedabad,2016,27000,Diesel,Automatic,First,21.7,1995,190,5.0,35.0
3582,Chennai,2017,19000,Diesel,Automatic,First,28.0,1248,73.75,5.0,8.9
3584,Kochi,2018,42203,Diesel,Manual,First,17.0,1956,170,5.0,19.46
3587,Kolkata,2018,4900,Diesel,Manual,First,21.0,1497,108.5,5.0,9.22
3603,Pune,2018,5000,Petrol,Manual,First,25.1,799,53.3,5.0,3.5
3640,Kochi,2011,169006,Diesel,Manual,First,14.2,2755,174.5,7.0,10.64
3648,Mumbai,2017,17978,Petrol,Automatic,First,19.0,1199,88.7,5.0,6.95
3651,Kolkata,2016,45296,Diesel,Manual,First,25.0,1248,88.5,5.0,6.99
3662,Pune,2017,39800,Diesel,Manual,First,17.0,2179,153.86,7.0,14.25
3674,Coimbatore,2016,42225,Petrol,Manual,First,15.0,1196,73,7.0,4.3
3682,Kochi,2019,12076,Petrol,Manual,First,20.8,1197,81.80,5.0,5.5
3687,Coimbatore,2017,50534,Petrol,Automatic,First,17.2,1197,103.5,5.0,8.27
3697,Ahmedabad,2010,46000,Diesel,Automatic,First,22.4,1995,190,5.0,16.5
3705,Coimbatore,2019,29311,Diesel,Automatic,First,17.0,2143,170,5.0,50.97
3706,Mumbai,2016,31000,Diesel,Automatic,First,21.7,1995,190,5.0,29.95
3719,Pune,2017,14000,Petrol,Automatic,First,14.0,1497,121.36,5.0,9.99
3726,Ahmedabad,2017,33000,Diesel,Manual,First,24.0,1248,88.5,5.0,9.25
3731,Mumbai,2013,60000,Diesel,Manual,Second,19.6,1461,108.5,5.0,5.45
3732,Coimbatore,2017,35225,Petrol,Automatic,First,23.0,998,67.04,5.0,5.25
3735,Hyderabad,2010,80000,Diesel,Automatic,First,22.6,1995,190,5.0,14.2
3738,Coimbatore,2016,29091,Petrol,Manual,First,18.0,1197,81.86,5.0,4.87
3745,Coimbatore,2017,26927,Diesel,Manual,First,24.0,1248,88.5,5.0,11.39
3747,Delhi,2016,35299,Diesel,Manual,First,24.0,1248,88.5,5.0,8.0
3752,Kochi,2015,38467,Diesel,Automatic,First,12.6,2993,255,5.0,70.66
3759,Mumbai,2017,12000,Petrol,Manual,First,24.0,998,67.1,5.0,3.25
3774,Kochi,2018,10575,Petrol,Manual,First,21.5,1462,103.25,5.0,9.18
3777,Kochi,2015,49818,Petrol,Manual,First,21.0,1197,81.80,5.0,4.11
3784,Kochi,2017,26023,Diesel,Automatic,First,11.3,2755,171.5,7.0,19.97
3786,Pune,2014,115000,Diesel,Manual,First,28.0,1248,74,5.0,4.5
3793,Bangalore,2017,27768,Diesel,Manual,First,20.6,1248,88.7,5.0,5.85
3820,Chennai,2011,28300,Petrol,Manual,First,24.0,998,67.1,5.0,2.15
3836,Delhi,2018,22000,Petrol,Automatic,First,15.2,1798,187.74,5.0,41.5
3838,Coimbatore,2018,28741,Diesel,Manual,First,24.0,1248,88.5,5.0,11.0
3841,Kolkata,2018,5000,Petrol,Manual,First,17.0,1591,121.3,5.0,8.7
3842,Hyderabad,2016,42000,Diesel,Manual,First,25.4,1248,88.50,7.0,9.9
3845,Kochi,2012,32542,Petrol,Manual,First,17.0,1591,121.3,5.0,5.77
3852,Kochi,2012,55598,Diesel,Automatic,First,22.6,1995,190,5.0,11.5
3889,Jaipur,2013,77084,Diesel,Manual,First,28.0,1248,73.75,5.0,4.95
3907,Chennai,2016,40000,Diesel,Automatic,First,11.3,2755,171.5,8.0,16.45
3910,Mumbai,2018,2000,Diesel,Manual,First,27.3,1248,74,5.0,8.7
3911,Mumbai,2016,14500,Petrol,Automatic,First,14.6,1798,177.46,5.0,20.75
3927,Mumbai,2017,19416,Petrol,Manual,First,21.5,1462,103.25,5.0,8.25
3935,Pune,2016,50296,Diesel,Automatic,Second,11.3,2755,171.5,7.0,19.0
3943,Kochi,2018,26101,Diesel,Manual,First,17.0,1956,170,5.0,17.55
3944,Pune,2016,7000,Petrol,Manual,First,24.0,998,67.1,5.0,3.0
3953,Mumbai,2018,3000,Petrol,Automatic,First,19.0,1199,88.7,5.0,8.25
3964,Coimbatore,2012,50297,Petrol,Manual,First,16.9,1498,97.6,5.0,4.69
4022,Chennai,2009,32000,Petrol,Manual,Second,14.2,1798,138.03,5.0,4.95
4026,Jaipur,2016,51264,Petrol,Manual,First,24.0,998,67.1,5.0,3.2
4028,Delhi,2016,40000,Petrol,Automatic,First,15.0,1991,183,5.0,24.5
4034,Kolkata,2018,14000,Diesel,Automatic,First,17.0,1582,126.2,5.0,11.25
4061,Mumbai,2013,23312,Petrol,Automatic,First,11.0,2894,444,4.0,40.5
4069,Coimbatore,2014,60280,Diesel,Automatic,First,22.4,1995,190,5.0,22.45
4079,Hyderabad,2017,25000,Diesel,Automatic,First,13.3,2993,255,5.0,160.0
4083,Coimbatore,2018,26731,Petrol,Manual,First,21.0,998,100,5.0,8.61
4096,Coimbatore,2017,23249,Petrol,Automatic,First,19.1,2487,175.67,5.0,26.11
4099,Delhi,2018,10000,Petrol,Manual,First,18.0,1197,81.86,5.0,6.5
4104,Coimbatore,2016,54253,Petrol,Automatic,First,14.6,1798,177.46,5.0,16.81
4119,Pune,2014,38958,Petrol,Manual,First,22.0,998,67.04,5.0,3.41
4125,Chennai,2016,26239,Petrol,Manual,First,22.0,799,53,5.0,2.75
4131,Coimbatore,2019,56251,Diesel,Manual,First,14.2,2755,174.5,7.0,35.82
4134,Bangalore,2016,34004,Petrol,Manual,First,15.0,1497,117.3,7.0,8.02
4141,Mumbai,2014,47200,CNG,Manual,First,46.955999999999996,998,67.04,5.0,2.85
4147,Kochi,2017,54758,Diesel,Manual,First,28.0,1248,73.75,5.0,6.67
4163,Bangalore,2017,53841,Diesel,Automatic,First,11.3,2755,171.5,7.0,20.5
4164,Kochi,2017,47183,Petrol,Manual,Second,15.0,1591,121.3,5.0,11.31
4169,Kochi,2018,6279,Petrol,Manual,First,22.0,799,53.64,5.0,3.6
4180,Coimbatore,2017,101065,Diesel,Manual,First,20.0,1582,126.2,5.0,11.45
4181,Kochi,2017,15134,Petrol,Manual,First,21.0,1197,83.1,5.0,6.37
4188,Chennai,2016,86000,Diesel,Manual,Second,25.4,1248,88.50,7.0,8.2
4205,Kolkata,2015,39000,Diesel,Manual,First,25.0,1498,98.6,5.0,5.49
4208,Jaipur,2016,33000,Petrol,Manual,First,16.0,1598,103.5,5.0,7.7
4220,Bangalore,2014,46676,Petrol,Manual,First,17.0,1591,121.3,5.0,7.75
4221,Kochi,2014,51349,Petrol,Manual,First,24.0,998,67.1,5.0,2.93
4233,Coimbatore,2018,22060,Diesel,Automatic,First,18.5,1968,147.51,5.0,32.73
4236,Kochi,2015,13506,Diesel,Automatic,First,18.2,1968,187.74,5.0,21.66
4237,Mumbai,2016,16000,Petrol,Manual,First,25.1,799,53.3,5.0,2.99
4253,Kolkata,2013,32576,Petrol,Manual,First,19.0,1199,88.76,5.0,3.15
4265,Coimbatore,2017,27509,Petrol,Manual,First,22.0,799,53.64,5.0,3.31
4273,Mumbai,2016,53000,Petrol,Automatic,First,14.6,1798,177.46,5.0,17.85
4284,Delhi,2016,42000,Diesel,Automatic,First,11.3,2755,171.5,7.0,19.6
4300,Mumbai,2018,1997,Petrol,Automatic,First,22.0,998,67,5.0,4.45
4301,Pune,2016,47300,Diesel,Manual,First,24.0,1248,88.5,5.0,8.85
4308,Coimbatore,2014,53817,Diesel,Manual,First,25.4,1248,88.50,7.0,7.56
4318,Ahmedabad,2016,42388,Diesel,Automatic,First,11.3,2755,171.5,7.0,18.0
4327,Kolkata,2017,27001,Diesel,Automatic,First,20.6,1995,190,5.0,29.0
4334,Coimbatore,2017,38712,Petrol,Manual,First,18.0,1197,81.86,5.0,5.87
4346,Ahmedabad,2018,2000,Petrol,Manual,First,22.0,1197,81.80,5.0,7.75
4350,Coimbatore,2019,31271,Diesel,Manual,First,13.6,2393,147.8,8.0,21.42
4361,Mumbai,2012,54500,Diesel,Manual,First,21.1,1498,108.4,5.0,4.1
4373,Ahmedabad,2016,54000,Diesel,Manual,First,13.6,2393,147.8,7.0,16.5
4401,Hyderabad,2017,16500,Petrol,Manual,First,23.8,1199,84,5.0,5.0
4403,Jaipur,2018,6000,Petrol,Manual,First,19.0,1199,86.76,5.0,6.7
4408,Mumbai,2010,12000,Petrol,Manual,First,22.0,998,67.04,5.0,2.45
4444,Kolkata,2018,4500,Petrol,Manual,First,18.0,1197,81.86,5.0,4.8
4447,Kochi,2017,51223,Petrol,Manual,First,18.0,1197,81.86,5.0,5.66
4451,Kochi,2018,21290,Petrol,Automatic,First,13.0,4951,395,4.0,56.8
4452,Kochi,2019,14076,Diesel,Automatic,First,11.3,2755,171.5,7.0,19.4
4463,Hyderabad,2017,22500,Petrol,Manual,First,18.0,1197,81.86,5.0,5.99
4470,Kolkata,2013,46500,Diesel,Manual,First,27.0,1498,98.6,5.0,3.3
4472,Jaipur,2017,39867,Petrol,Manual,First,22.0,998,67.04,5.0,4.5
4481,Mumbai,2015,19000,Diesel,Automatic,First,18.1,1968,174.5,5.0,15.5
4485,Kolkata,2012,34000,Diesel,Manual,First,20.6,1498,108.5,5.0,3.4
4487,Kochi,2016,52378,Petrol,Manual,First,17.0,1591,121.3,5.0,7.97
4495,Kochi,2018,64035,Diesel,Automatic,First,28.0,1248,73.75,5.0,8.55
4516,Chennai,2016,55000,Petrol,Manual,First,15.0,1196,73,7.0,3.75
4523,Coimbatore,2015,53497,Diesel,Manual,First,13.0,2477,175.56,7.0,16.42
4527,Chennai,2016,29000,Diesel,Automatic,First,11.5,2987,254.79,5.0,65.0
4532,Kolkata,2017,17000,Petrol,Automatic,First,22.0,998,67,5.0,3.95
4541,Mumbai,2011,51000,Diesel,Automatic,First,22.6,1995,190,5.0,10.5
4551,Coimbatore,2011,51602,Diesel,Automatic,First,22.4,1995,190,5.0,17.27
4554,Pune,2016,70000,Diesel,Automatic,Second,21.7,1995,190,5.0,27.0
4560,Kochi,2017,36973,Petrol,Manual,First,18.0,1199,88.7,5.0,6.8
4563,Mumbai,2014,43628,Petrol,Manual,First,22.0,998,67.04,5.0,3.16
4570,Chennai,2018,3300,Diesel,Automatic,First,24.0,1248,88.5,5.0,11.5
4571,Delhi,2016,35027,Petrol,Manual,First,24.0,998,67.1,5.0,3.0
4590,Bangalore,2017,45000,Diesel,Manual,First,24.0,1248,88.5,5.0,9.75
4601,Coimbatore,2019,15456,Diesel,Automatic,First,20.6,1995,190,5.0,36.64
4612,Kochi,2015,81828,Diesel,Manual,First,24.0,1186,73.97,5.0,5.43
4633,Jaipur,2016,26000,Petrol,Manual,First,21.0,999,67,5.0,3.0
4649,Hyderabad,2017,15000,Petrol,Manual,First,17.0,1199,88.7,5.0,8.9
4652,Kochi,2012,60818,Petrol,Manual,First,16.0,1598,103.5,5.0,3.59
4680,Pune,2016,54161,Diesel,Manual,First,25.4,1248,88.50,7.0,7.64
4685,Kochi,2018,20488,Petrol,Manual,Second,16.0,1598,103.5,5.0,7.64
4689,Coimbatore,2017,72668,Diesel,Manual,First,14.2,2755,174.5,7.0,28.85
4695,Bangalore,2014,57464,Diesel,Manual,First,23.5,1364,67.06,5.0,5.75
4706,Chennai,2016,80000,Diesel,Automatic,First,11.3,2755,171.5,7.0,19.5
4724,Pune,2018,40000,Petrol,Manual,First,20.1,1197,81.86,5.0,5.0
4728,Kochi,2019,12336,Petrol,Manual,First,17.0,1591,121.3,5.0,11.88
4731,Pune,2018,24000,Petrol,Manual,First,19.6,1198,67.04,5.0,4.0
4734,Chennai,2011,121311,Diesel,Manual,First,20.6,1498,108.5,5.0,2.9
4748,Coimbatore,2019,16698,Petrol,Manual,First,23.8,1199,84,5.0,5.85
4755,Hyderabad,2016,52000,Diesel,Automatic,First,15.6,1999,177,5.0,42.0
4773,Kochi,2017,37460,Petrol,Manual,First,18.0,1197,81.86,5.0,6.28
4778,Bangalore,2011,47140,Diesel,Automatic,Second,13.0,2925,281.61,5.0,30.0
4780,Bangalore,2016,93000,Diesel,Manual,First,20.0,1582,126.2,5.0,10.8
4788,Hyderabad,2015,38000,Diesel,Automatic,Second,16.0,1969,150,5.0,24.0
4795,Kochi,2018,21936,Diesel,Automatic,First,21.7,1995,190,5.0,37.92
4807,Delhi,2013,80000,Petrol,Automatic,Second,14.6,1798,177.46,5.0,7.25
4811,Coimbatore,2017,28599,Diesel,Manual,First,16.5,2498,105,6.0,9.66
4819,Kolkata,2016,15000,Petrol,Manual,First,22.0,799,53.64,5.0,2.25
4826,Kochi,2015,23876,Petrol,Manual,First,24.0,998,67.1,5.0,3.46
4841,Hyderabad,2011,89000,Diesel,Automatic,First,22.6,1995,190,5.0,13.95
4844,Kolkata,2014,37000,Petrol,Manual,First,21.0,1197,81.80,5.0,2.8
4858,Hyderabad,2017,14000,Diesel,Automatic,First,18.2,1968,187.74,5.0,43.0
4863,Chennai,2001,140000,Petrol,Manual,Third,20.0,1086,68,5.0,0.7
4873,Chennai,2016,16000,Petrol,Manual,First,21.0,1197,83.1,5.0,6.95
4877,Coimbatore,2018,17477,Petrol,Manual,First,17.0,1198,108.5,5.0,9.62
4880,Kochi,2014,52431,Petrol,Manual,First,22.0,998,67.04,5.0,3.01
4887,Kochi,2018,57078,Diesel,Manual,First,24.0,1248,88.5,5.0,10.19
4894,Hyderabad,2017,24000,Diesel,Manual,First,27.3,1248,74,5.0,8.4
4902,Mumbai,2018,3000,Petrol,Automatic,First,21.0,1197,83.1,5.0,8.85
4907,Ahmedabad,2017,29000,Petrol,Manual,First,17.0,1497,117.3,5.0,10.0
4914,Mumbai,2017,24000,Diesel,Automatic,First,17.0,2143,170,5.0,46.95
4926,Coimbatore,2018,44383,Petrol,Manual,First,15.0,1591,121.3,5.0,13.25
4929,Delhi,2016,69000,Petrol,Manual,First,15.0,1591,121.3,5.0,9.7
4934,Coimbatore,2018,25082,Diesel,Automatic,First,28.0,1248,73.75,5.0,8.37
4942,Coimbatore,2014,28469,Diesel,Automatic,First,18.2,1968,187.74,5.0,24.37
4950,Kolkata,2017,60048,Diesel,Manual,First,26.0,1498,99,5.0,6.0
4961,Coimbatore,2019,8018,Petrol,Automatic,First,22.0,1197,81.80,5.0,8.3
4968,Pune,2018,2000,Petrol,Automatic,First,23.8,1199,83.83,5.0,5.0
4973,Hyderabad,2008,109606,Diesel,Manual,First,22.0,1582,126.2,5.0,2.9
4978,Kochi,2019,25717,Petrol,Automatic,First,19.0,1199,88.76,5.0,8.86
4981,Chennai,2017,8000,Petrol,Manual,First,18.0,1199,88.7,5.0,7.9
4984,Coimbatore,2019,24864,Diesel,Manual,First,20.0,1582,126.2,5.0,16.27
4988,Hyderabad,2016,27000,Diesel,Automatic,First,18.5,2993,265,5.0,48.0
4989,Mumbai,2016,39000,Diesel,Automatic,First,20.3,1968,143,5.0,18.9
4998,Jaipur,2015,66000,Diesel,Manual,First,20.1,1498,88,5.0,4.91
5002,Kochi,2017,36723,Diesel,Automatic,First,18.5,1995,190,5.0,32.57
5009,Pune,2017,59500,Diesel,Automatic,First,14.7,2967,245,7.0,68.0
5018,Hyderabad,2017,17151,Diesel,Manual,First,27.0,1498,98.6,5.0,8.4
5030,Kochi,2018,32539,Diesel,Manual,First,24.0,1248,88.5,5.0,8.39
5038,Coimbatore,2019,24013,Diesel,Automatic,First,12.8,1999,148.31,7.0,56.14
5049,Kolkata,2017,27000,Diesel,Manual,First,17.0,1956,170,5.0,15.0
5059,Coimbatore,2017,58829,Diesel,Manual,First,24.0,1248,88.5,5.0,9.05
5062,Kolkata,2018,30000,Petrol,Manual,First,23.0,998,67.04,5.0,3.75
5078,Coimbatore,2017,21789,Diesel,Manual,First,24.0,1248,88.5,5.0,9.88
5079,Coimbatore,2019,21134,Petrol,Manual,First,18.0,1197,81.86,5.0,8.78
5086,Hyderabad,2013,68434,Diesel,Manual,First,28.0,1248,73.75,5.0,5.5
5087,Pune,2014,17000,Petrol,Manual,First,24.0,998,67.1,5.0,2.1
5090,Mumbai,2013,79225,Diesel,Manual,First,22.0,1582,126.2,5.0,5.5
5102,Kochi,2019,31817,Petrol,Manual,First,22.0,998,67.04,5.0,5.34
5107,Hyderabad,2016,50000,Diesel,Automatic,First,17.0,2143,201.15,5.0,49.0
5111,Kolkata,2017,45000,Diesel,Manual,First,22.9,1248,74,5.0,3.75
5118,Bangalore,2016,28541,Diesel,Automatic,First,11.5,2987,254.79,5.0,60.75
5127,Kolkata,2011,44000,Petrol,Automatic,First,19.1,1198,75.94,5.0,2.65
5133,Coimbatore,2015,27000,Petrol,Manual,First,17.5,1193,88.7,5.0,5.27
5135,Chennai,2016,14980,Diesel,Manual,First,27.0,1498,98.6,5.0,7.4
5166,Jaipur,2017,39000,Diesel,Automatic,First,17.0,2143,136,5.0,27.0
5172,Coimbatore,2015,53920,Petrol,Manual,First,14.2,1798,138.03,5.0,10.77
5175,Chennai,2010,58000,Diesel,Automatic,First,18.5,2993,265,5.0,11.75
5178,Delhi,2015,64687,CNG,Manual,First,44.50599999999999,998,58.33,5.0,3.8
5181,Kochi,2015,39208,Petrol,Manual,First,17.5,1193,88.7,5.0,4.52
5183,Coimbatore,2013,38622,Petrol,Manual,First,17.0,1497,117.3,5.0,6.26
5188,Bangalore,2012,79000,Diesel,Automatic,First,22.0,1582,126.2,5.0,5.25
5200,Coimbatore,2018,38171,Petrol,Automatic,Second,22.0,999,67,5.0,4.99
5207,Kochi,2017,53105,Petrol,Automatic,First,22.0,999,67,5.0,4.41
5211,Coimbatore,2017,68557,Diesel,Manual,First,15.9,2523,62.1,7.0,8.14
5212,Hyderabad,2016,34000,Diesel,Manual,First,20.6,1498,108.5,5.0,8.45
5229,Bangalore,2012,73000,Diesel,Automatic,First,22.6,1995,190,5.0,12.5
5230,Kochi,2017,63423,Diesel,Manual,First,23.0,1498,98.96,5.0,7.69
5237,Kochi,2018,53322,Petrol,Manual,First,15.0,1591,121.3,5.0,12.13
5241,Hyderabad,2017,21800,Petrol,Manual,First,17.0,1497,121.36,5.0,8.75
5249,Jaipur,2018,1001,Petrol,Manual,First,19.0,1194,94.68,5.0,7.23
5254,Pune,2013,170000,Diesel,Manual,First,22.5,1582,126.2,5.0,7.5
5256,Pune,2016,85000,Diesel,Manual,First,24.0,1248,88.5,5.0,8.9
5260,Jaipur,2014,62322,Diesel,Manual,First,23.5,1364,67.06,5.0,4.9
5261,Kochi,2015,37929,Petrol,Manual,First,24.0,998,67.1,5.0,3.69
5262,Chennai,2016,5400,Petrol,Manual,First,23.8,1199,84,5.0,3.98
5266,Kochi,2017,14576,Petrol,Manual,First,17.0,1198,73.75,5.0,6.69
5267,Mumbai,2017,17000,Petrol,Automatic,First,16.0,1497,117.3,7.0,9.5
5271,Kochi,2018,12278,Petrol,Automatic,First,23.0,998,67.04,5.0,5.63
5272,Coimbatore,2018,17665,Petrol,Manual,First,15.0,1591,121.3,5.0,11.78
5279,Kolkata,2017,65000,Petrol,Manual,First,17.5,1193,88.7,5.0,4.8
5280,Kolkata,2014,38000,Petrol,Manual,First,16.0,1598,103.5,5.0,3.49
5290,Hyderabad,2016,29647,Diesel,Manual,First,20.1,1498,88,5.0,6.3
5291,Kochi,2018,43639,Petrol,Manual,First,21.0,998,100,5.0,8.15
5304,Bangalore,2017,21000,Diesel,Automatic,First,21.7,1995,190,5.0,35.0
5308,Pune,2013,74000,Petrol,Manual,First,22.0,1197,81.80,5.0,4.5
5310,Chennai,2017,25000,Diesel,Manual,First,20.1,1498,88,5.0,6.9
5313,Chennai,2015,20000,Diesel,Automatic,First,18.5,1968,187.74,5.0,35.5
5314,Kochi,2018,32663,Diesel,Manual,First,24.0,1186,73.97,5.0,6.28
5316,Hyderabad,2016,100303,Diesel,Manual,First,22.9,1248,74,5.0,3.7
5321,Mumbai,2014,34670,Petrol,Manual,First,15.0,1196,73,7.0,2.9
5324,Delhi,2015,59261,Diesel,Manual,First,24.0,1186,73.97,5.0,4.25
5328,Hyderabad,2015,47000,Diesel,Automatic,First,22.6,1995,190,5.0,29.5
5331,Ahmedabad,2018,13000,Diesel,Manual,First,23.0,1498,98.96,5.0,10.9
5332,Bangalore,2015,48808,Petrol,Manual,First,23.0,998,67.04,5.0,4.3
5339,Pune,2019,1000,Petrol,Manual,First,17.1,1197,81.86,5.0,8.6
5350,Pune,2016,20000,Diesel,Manual,First,21.6,1498,108.62,5.0,6.75
5353,Kochi,2015,26323,Petrol,Automatic,First,17.2,1197,103.5,5.0,7.4
5357,Jaipur,2016,65000,Diesel,Manual,First,15.9,2523,62.1,7.0,7.21
5359,Kolkata,2017,51000,Diesel,Manual,First,25.0,1186,73.97,5.0,4.2
5366,Hyderabad,2016,73000,Diesel,Manual,First,13.6,2393,147.8,7.0,16.5
5375,Jaipur,2015,39437,Diesel,Manual,First,28.0,1248,74,5.0,5.15
5384,Mumbai,2014,36000,Petrol,Manual,First,17.5,1193,88.7,5.0,3.7
5393,Pune,2010,45252,Petrol,Manual,First,18.0,1197,81.86,5.0,2.25
5396,Kochi,2018,51236,Diesel,Manual,First,25.4,1248,88.50,7.0,8.49
5415,Chennai,2017,42000,Petrol,Automatic,First,22.0,1197,81.80,5.0,5.5
5419,Coimbatore,2016,82725,Petrol,Automatic,First,14.2,1798,138.03,5.0,11.99
5420,Mumbai,2016,19000,Diesel,Automatic,Second,21.7,1995,190,5.0,29.99
5427,Delhi,2016,30000,Petrol,Automatic,First,22.0,998,67,5.0,4.25
5431,Delhi,2016,22000,Diesel,Manual,First,24.0,1248,88.5,5.0,8.25
5434,Kochi,2019,13913,Petrol,Manual,First,17.0,1199,88.7,5.0,8.2
5447,Kochi,2016,26212,Diesel,Automatic,First,17.0,2143,136,5.0,24.46
5448,Pune,2014,23500,Petrol,Manual,Second,17.5,1193,88.7,5.0,3.9
5450,Mumbai,2015,26000,Petrol,Automatic,First,21.0,1197,81.80,5.0,3.65
5451,Kolkata,2016,26000,Diesel,Manual,First,25.0,1186,73.97,5.0,5.0
5465,Jaipur,2017,35362,Petrol,Manual,First,22.0,998,67.04,5.0,3.85
5470,Bangalore,2010,58000,Diesel,Automatic,First,22.6,1995,190,5.0,11.5
5479,Chennai,2018,14000,Petrol,Automatic,First,22.0,999,67,5.0,4.5
5484,Coimbatore,2016,47392,Diesel,Manual,First,20.0,1582,126.2,5.0,13.82
5507,Pune,2017,48000,Diesel,Manual,First,28.0,1248,73.75,5.0,6.0
5509,Jaipur,2016,26000,Petrol,Manual,First,25.1,799,53.3,5.0,2.55
5513,Jaipur,2016,35000,Petrol,Manual,First,24.0,998,67.1,5.0,3.0
5516,Mumbai,2018,1400,Diesel,Automatic,First,18.5,1995,190,5.0,61.25
5518,Kochi,2016,21110,Petrol,Automatic,First,17.4,1998,189.08,4.0,28.95
5527,Coimbatore,2015,64005,Petrol,Manual,First,17.7,1197,78.9,5.0,4.57
5534,Mumbai,2015,34895,Petrol,Automatic,First,19.1,1198,75.94,5.0,4.6
5542,Kochi,2017,20789,Diesel,Automatic,First,11.3,2755,171.5,7.0,18.36
5545,Delhi,2014,47000,Diesel,Automatic,Second,12.6,2993,255,5.0,64.75
5558,Coimbatore,2016,75637,Diesel,Automatic,First,22.4,1995,190,5.0,30.37
5560,Kochi,2019,6568,Petrol,Manual,First,25.1,799,53.3,5.0,5.09
5564,Kochi,2016,62404,Diesel,Automatic,First,22.6,1995,190,5.0,21.33
5568,Coimbatore,2017,34232,Diesel,Automatic,First,21.7,1995,190,5.0,35.84
5569,Chennai,2004,135000,Petrol,Automatic,Third,14.0,1997,152,5.0,3.0
5570,Chennai,2012,80000,Diesel,Manual,First,19.7,1461,108.45,5.0,6.75
5582,Coimbatore,2019,28069,Diesel,Automatic,First,12.0,2755,174.5,7.0,30.85
5604,Chennai,2012,70000,Diesel,Manual,Second,22.7,1461,84.8,5.0,4.0
5606,Mumbai,2019,600,Petrol,Automatic,First,21.0,1197,81.80,5.0,6.25
5625,Ahmedabad,2017,16235,Diesel,Manual,First,24.0,1047,69,5.0,5.5
5626,Kochi,2017,73641,Petrol,Automatic,First,14.6,1798,177.46,5.0,17.08
5631,Mumbai,2012,75059,Petrol,Automatic,First,17.0,1591,121.3,5.0,4.25
5632,Pune,2018,3000,Diesel,Manual,First,23.5,1364,67.04,5.0,7.9
5644,Coimbatore,2014,52951,Diesel,Manual,First,20.1,1498,88,5.0,5.65
5650,Delhi,2016,126000,Petrol,Manual,First,15.0,1196,73,7.0,2.2
5679,Hyderabad,2017,28000,Diesel,Manual,First,20.6,1498,108.5,5.0,10.0
5680,Delhi,2017,46000,Petrol,Manual,First,18.0,1197,81.86,5.0,4.75
5684,Coimbatore,2018,33150,Petrol,Manual,First,21.0,1197,83.1,5.0,7.39
5695,Ahmedabad,2012,34000,Petrol,Manual,First,17.0,1497,117.3,5.0,5.75
5708,Mumbai,2017,16503,Petrol,Automatic,First,16.0,1497,117.3,7.0,9.5
5715,Kochi,2019,22321,Petrol,Automatic,First,18.0,1497,117.3,5.0,11.66
5736,Delhi,2018,42000,Petrol,Manual,First,18.1,1198,82,6.0,5.5
5749,Kochi,2018,11732,Petrol,Manual,First,17.0,1497,117.3,5.0,10.07
5757,Kolkata,2017,31000,Diesel,Manual,First,13.6,2393,147.8,7.0,16.95
5762,Hyderabad,2014,51000,Diesel,Automatic,First,27.0,1969,190,5.0,21.5
5765,Delhi,2012,40315,Petrol,Manual,First,18.0,1198,86.8,5.0,2.75
5769,Coimbatore,2019,20712,Petrol,Manual,First,23.8,1199,84,5.0,6.94
5778,Kochi,2015,58817,Diesel,Manual,First,19.8,1461,83.14,5.0,6.25
5788,Hyderabad,2017,22000,Petrol,Manual,First,23.8,1199,84,5.0,4.8
5789,Kochi,2019,7858,Petrol,Manual,First,25.1,799,53.3,5.0,3.8
5795,Mumbai,2014,21000,Petrol,Manual,First,19.0,1199,86.76,5.0,4.75
5799,Pune,2016,19000,Diesel,Automatic,First,21.0,1498,108.5,5.0,10.0
5805,Coimbatore,2019,21214,Petrol,Manual,First,15.4,1598,103.52,5.0,9.66
5808,Kolkata,2016,30000,Petrol,Automatic,First,23.0,998,67.04,5.0,3.8
5819,Kochi,2017,21954,Petrol,Manual,First,25.1,799,53.3,5.0,3.7
5828,Coimbatore,2017,54387,Petrol,Automatic,First,19.1,1198,75.94,5.0,5.85
5829,Mumbai,2018,1617,Petrol,Manual,First,25.1,799,53.3,5.0,4.29
5830,Hyderabad,2015,82000,Diesel,Manual,First,25.0,1498,98.6,5.0,8.0
5854,Kochi,2016,28147,Petrol,Manual,First,18.0,1197,81.86,5.0,5.07
5864,Bangalore,2014,70000,Diesel,Manual,First,19.0,1461,108.45,5.0,8.25
5867,Mumbai,2017,35000,Diesel,Automatic,First,18.1,1968,174.5,5.0,25.75
5872,Kochi,2017,21248,Diesel,Manual,First,24.0,1248,88.5,5.0,9.44
5875,Ahmedabad,2019,4000,Diesel,Automatic,First,0.0,1950,194,5.0,35.0
5879,Jaipur,2014,70000,Diesel,Manual,Second,13.0,2477,175.56,7.0,11.85
5894,Hyderabad,2018,9900,Petrol,Manual,First,15.0,1591,121.3,5.0,13.2
5905,Hyderabad,2016,125000,Diesel,Manual,First,22.9,1248,74,5.0,4.6
5907,Coimbatore,2017,34686,Diesel,Automatic,First,19.0,1461,108.45,5.0,11.86
5923,Mumbai,2017,42000,Diesel,Automatic,First,18.1,1968,174.5,5.0,22.99
5928,Coimbatore,2018,37323,Diesel,Manual,Second,17.4,1493,100,7.0,7.29
5940,Pune,2018,27000,Diesel,Manual,First,28.0,1248,73.75,5.0,5.9
5941,Pune,2018,1000,Petrol,Manual,First,25.1,799,53.3,5.0,3.4
5947,Mumbai,2017,28000,Petrol,Automatic,First,18.6,1462,103,7.0,8.0
5959,Delhi,2010,109703,Petrol,Automatic,Second,14.2,1798,138.03,5.0,4.0
5964,Mumbai,2018,8000,Petrol,Automatic,First,17.0,1591,121.3,5.0,12.85
5970,Kochi,2018,17773,Petrol,Automatic,First,13.0,1991,183,5.0,26.76
5971,Hyderabad,2013,65000,Diesel,Manual,Second,20.1,1498,88,5.0,3.5
5974,Ahmedabad,2016,34005,Petrol,Manual,First,17.0,1198,73.75,5.0,5.75
5981,Mumbai,2017,6000,Petrol,Manual,First,21.0,1197,83.1,5.0,7.5
5982,Jaipur,2016,39000,Diesel,Automatic,First,17.0,2179,153.86,7.0,13.5
5987,Kochi,2017,15386,Petrol,Manual,First,23.8,1199,84,5.0,5.11
5989,Coimbatore,2013,58629,Diesel,Automatic,Second,18.2,1968,187.74,5.0,16.52
5999,Chennai,2016,10000,Petrol,Manual,First,17.5,1193,88.7,5.0,4.0
6002,Mumbai,2011,38000,Petrol,Manual,First,16.0,1598,103.5,5.0,3.25
6005,Pune,2016,37208,Diesel,Manual,First,24.0,1248,88.5,5.0,7.43
6010,Delhi,2013,33746,Petrol,Manual,First,18.0,1198,86.8,5.0,3.2
6014,Delhi,2014,27365,Diesel,Manual,First,28.0,1248,74,5.0,4.75
